{
    "50.10.1 | Average: ": 22.73922953862582,
    "50.10.1 | Best: ": 21.827061578693314,
    "50.10.1.txt": {
        "50.10.1.txt.1": {
            "Best Score is: ": 23.712253146990815,
            "Best Solution is: ": "23.712253 == [[[16,20,34,38,46,23,44,48,1,41,8]],[[22,9,17,19,49,25,13,47,27,4]],[[21,35,28,12,11,18,6,33,7,2,43]]] || [[37,39],[40,32,5,31,29,45,36,26],[30,3,50,42,24,14,15,10]]",
            "Num_Drone: ": 3,
            "Num_Tech: ": 3,
            "Run Time is: ": 15.156
        },
        "50.10.1.txt.2": {
            "Best Score is: ": 22.973249871418897,
            "Best Solution is: ": "22.973250 == [[[48,1,29,45,37,26,36,39,32]],[[24,14,35,28,15,21,10,41]],[[12,11,6,18,7,33,20,16,40]]] || [[30,22,3,50,42,47,13,4,27,9,8],[5,31,44,23,46,38,43,2,34],[19,17,49,25]]",
            "Num_Drone: ": 3,
            "Num_Tech: ": 3,
            "Run Time is: ": 14.229
        },
        "50.10.1.txt.3": {
            "Best Score is: ": 22.891435854975075,
            "Best Solution is: ": "22.891436 == [[[40,31,32,23,44,39,26,45,36,37,29,5]],[[21,15,35,28,12,11,18,20,16]],[[10,22,3,50,24,14,42,47,4,27,49,19,17,48,1,41]]] || [[9,25,13,30],[8,38,46,43,2,34],[7,33,6]]",
            "Num_Drone: ": 3,
            "Num_Tech: ": 3,
            "Run Time is: ": 14.681
        },
        "50.10.1.txt.4": {
            "Best Score is: ": 22.292147241051005,
            "Best Solution is: ": "22.292147 == [[[39,37,36,26,45,29,44,23]],[[16,20,18,6,33,7,38,46,43,2,34]],[[10,30,3,50,42,24,14,21,15,35,28,11,12]]] || [[41,19,17,49,9,8],[4,47,13,25,27],[22,48,1,40,5,32,31]]",
            "Num_Drone: ": 3,
            "Num_Tech: ": 3,
            "Run Time is: ": 14.285
        },
        "50.10.1.txt.5": {
            "Best Score is: ": 21.827061578693314,
            "Best Solution is: ": "21.827062 == [[[40,46,38,43,2,16,20,18,6,33,7,34]],[[22,3,50,42,24,14,21,15,35,28,11,12]],[[5,31,45,29,26,36,37,39,44,23,32]]] || [[49,17,19,48],[41,1,47,10],[30,4,25,13,27,9,8]]",
            "Num_Drone: ": 3,
            "Num_Tech: ": 3,
            "Run Time is: ": 14.803
        }
    },
    "50.20.1 | Average: ": 43.84319760914165,
    "50.20.1 | Best: ": 42.99159509264216,
    "50.20.1.txt": {
        "50.20.1.txt.1": {
            "Best Score is: ": 43.01160456504746,
            "Best Solution is: ": "43.011605 == [[[20,48,46,44,4,38,28,50,36,16,35,27,30]],[[12,19,3,9,23,21,11,2,33,13,18]],[[39,34,8,42,43,10,26,25,24]]] || [[40,14,17,32,29,41,15],[45,7,22,1],[49,37,6,5,47,31]]",
            "Num_Drone: ": 3,
            "Num_Tech: ": 3,
            "Run Time is: ": 14.739
        },
        "50.20.1.txt.2": {
            "Best Score is: ": 46.2482226645151,
            "Best Solution is: ": "46.248223 == [[[24,25,43,42,8,10,34,26,30]],[[18,46,13,33,21,23,40]],[[15,48,28,38,4,44,50,36,16,35,27,20]]] || [[29,9,11,2,3,12,19,41],[39,45,47,1,22,7,31],[32,17,14,6,37,5,49]]",
            "Num_Drone: ": 3,
            "Num_Tech: ": 3,
            "Run Time is: ": 14.055
        },
        "50.20.1.txt.3": {
            "Best Score is: ": 43.966183942151645,
            "Best Solution is: ": "43.966184 == [[[26,34,24,25,10,43,42,8,39,45]],[[15,20,46,38,44,4,28,35,27,16,50,36,30,48,18]],[[13,2,11,21,23,32]]] || [[47,1,22,7,49],[40,14,17,6,37,5,31],[41,3,9,29,33,19,12]]",
            "Num_Drone: ": 3,
            "Num_Tech: ": 3,
            "Run Time is: ": 14.61
        },
        "50.20.1.txt.4": {
            "Best Score is: ": 42.99838178135187,
            "Best Solution is: ": "42.998382 == [[[31,1,7,22,5,47,37,6,49]],[[12,3,29,2,11,9,21,23,17,14,32,40]],[[18,15,20,48,38,46,44,4,28,50,36,16,35,27,30]]] || [[19,41,33,13],[10,43],[24,25,34,26,42,8,45,39]]",
            "Num_Drone: ": 3,
            "Num_Tech: ": 3,
            "Run Time is: ": 13.286
        },
        "50.20.1.txt.5": {
            "Best Score is: ": 42.99159509264216,
            "Best Solution is: ": "42.991595 == [[[20,13,33,21,23,32,40]],[[46,44,4,38,36,50,16,28,35,27,48]],[[39,45,8,42,10,43,25,34,26,30,24]]] || [[41,29,2,11,9,3,19,12],[15,18,31,1,22,7,47],[14,17,6,49,37,5]]",
            "Num_Drone: ": 3,
            "Num_Tech: ": 3,
            "Run Time is: ": 14.947
        }
    },
    "50.30.1 | Average: ": 68.5153950245556,
    "50.30.1 | Best: ": 67.77205972316871,
    "50.30.1.txt": {
        "50.30.1.txt.1": {
            "Best Score is: ": 67.77205972316871,
            "Best Solution is: ": "67.772060 == [[[48,35,44,50,38,30,45,15,21,43,29,11,7]],[[10,4,25,40,18,37,47,3,16,49,1,20,6]],[[34,17,32,42,46,39,8,5,33,2]]] || [[19,24,28,13,41,26],[31,27,36,14,23],[12,9,22]]",
            "Num_Drone: ": 3,
            "Num_Tech: ": 3,
            "Run Time is: ": 14.523
        },
        "50.30.1.txt.2": {
            "Best Score is: ": 68.55669734930655,
            "Best Solution is: ": "68.556697 == [[[45,30,38,21,15,29,43,27,36]],[[6,16,37,3,47,44,50,35,48,11,31,7]],[[34,2,33,8,39,5,17,32,42,46,14]]] || [[23,22,12,9,19],[20,1,49,18,40,4,25,10,26],[13,28,24,41]]",
            "Num_Drone: ": 3,
            "Num_Tech: ": 3,
            "Run Time is: ": 14.634
        },
        "50.30.1.txt.3": {
            "Best Score is: ": 69.23816981121675,
            "Best Solution is: ": "69.238170 == [[[47,3,37,16,49,18,1,40,6,4,25,10,26]],[[31,11,45,38,21,15,29,43,27,36,14,7]],[[42,46,32,17,34,5,39,8,33,2]]] || [[28,9,12,22],[41,20,13,24,19,23],[30,44,50,35,48]]",
            "Num_Drone: ": 3,
            "Num_Tech: ": 3,
            "Run Time is: ": 14.265
        },
        "50.30.1.txt.4": {
            "Best Score is: ": 67.77205972316871,
            "Best Solution is: ": "67.772060 == [[[6,20,1,40,18,49,16,37,3,47,35,48,50,7]],[[15,21,38,30,45,44,25,4,10]],[[23,2,33,34,5,8,39,17,42,46,32,14]]] || [[19,24,28,13,41,26],[31,11,29,43,27,36],[12,9,22]]",
            "Num_Drone: ": 3,
            "Num_Tech: ": 3,
            "Run Time is: ": 14.786
        },
        "50.30.1.txt.5": {
            "Best Score is: ": 69.23798851591725,
            "Best Solution is: ": "69.237989 == [[[31,11,30,45,38,21,43,29,27,36,14]],[[25,3,37,47,16,49,18,40,1,20,6,4,10,7]],[[34,42,46,32,17,39,5,8,33,23]]] || [[41,13,24,19,2,22,26],[48,35,44,50,15],[28,9,12]]",
            "Num_Drone: ": 3,
            "Num_Tech: ": 3,
            "Run Time is: ": 14.94
        }
    },
    "50.40.1 | Average: ": 112.54242122010471,
    "50.40.1 | Best: ": 104.246707717442,
    "50.40.1.txt": {
        "50.40.1.txt.1": {
            "Best Score is: ": 112.843977597876,
            "Best Solution is: ": "112.843978 == [[[46,17,50,12],[16,2,6,28,35,27,20,39,7]],[[34,48,3,18,19,10],[22,45,29]],[[33,44,15,49,43,37],[5,36]]] || [[42,41,40,25,21],[13,47,31,32,4,38,14,24],[8,26,1,11,30,9,23]]",
            "Num_Drone: ": 3,
            "Num_Tech: ": 3,
            "Run Time is: ": 15.998
        },
        "50.40.1.txt.2": {
            "Best Score is: ": 104.246707717442,
            "Best Solution is: ": "104.246708 == [[[12,23,50],[16,2,6,28,35,20,27,39,7]],[[19,48,3,18,45,22,29,46],[24,34]],[[33,10,44,15,49,43,37],[36,5,17]]] || [[41,40,42,25,21],[1,11,26,8,30,9],[32,13,47,31,4,38,14]]",
            "Num_Drone: ": 3,
            "Num_Tech: ": 3,
            "Run Time is: ": 16.086
        },
        "50.40.1.txt.3": {
            "Best Score is: ": 119.9317881203161,
            "Best Solution is: ": "119.931788 == [[[36,5],[16,2,6,20,28,35,27,39,50]],[[15,48,3,18,19,34],[22,29,10,46,33]],[[44,49,43,37,21],[14,13,47,31,4,38,12]]] || [[41,40,25,42,32,24],[45,7,17],[8,26,1,11,30,9,23]]",
            "Num_Drone: ": 3,
            "Num_Tech: ": 3,
            "Run Time is: ": 15.61
        },
        "50.40.1.txt.4": {
            "Best Score is: ": 111.0718208493972,
            "Best Solution is: ": "111.071821 == [[[46,5,12],[16,2,6,27,20,28,35,36,50,23]],[[19,18,3,48,44,34],[32,13,47,31,14]],[[15,49,43,37],[17,22,29,10,33]]] || [[41,40,42,25,21,24],[4,38,8,26,1,11,30,9],[39,7,45]]",
            "Num_Drone: ": 3,