{
    "50.10.1 | Average: ": 22.53732814893845,
    "50.10.1 | Best: ": 21.244120516650565,
    "50.10.1.txt": {
        "50.10.1.txt.1": {
            "Best Score is: ": 23.408293813247127,
            "Best Solution is: ": "23.408294 == [[[35,28,11,12,15,21,50,3,22]],[[48,19,17,29,45,36,26,37,39]],[[7,33,18,6,2,43,34,20,16]]] || [[40,32,23,44,46,38,31,5,1,41],[8,4,13,25,49],[10,30,9,27,47,42,24,14]]",
            "Num_Drone: ": 3,
            "Num_Tech: ": 3,
            "Run Time is: ": 21.681
        },
        "50.10.1.txt.2": {
            "Best Score is: ": 22.292147241051005,
            "Best Solution is: ": "22.292147 == [[[22,12,11,18,20,6,2,43,46,38]],[[40,31,5,32,23,44,39,37,26,36,45,29,1,48]],[[41,8,30,3,50,42,24,14,21,15,35,28,10]]] || [[19,17,49,9],[7,33,34,16],[27,25,13,47,4]]",
            "Num_Drone: ": 3,
            "Num_Tech: ": 3,
            "Run Time is: ": 30.162
        },
        "50.10.1.txt.3": {
            "Best Score is: ": 21.244120516650565,
            "Best Solution is: ": "21.244121 == [[[44,39,36,26,37,45,29,1]],[[41,48,19,17,49,25,13,47,4,27,9,8,30,10]],[[22,42,50,3,24,14,21,15,35,28]]] || [[40,32,31,5,23,46,38,2,43],[16,20,6,18,11,12],[33,7,34]]",
            "Num_Drone: ": 3,
            "Num_Tech: ": 3,
            "Run Time is: ": 27.092
        },
        "50.10.1.txt.4": {
            "Best Score is: ": 22.01579585609284,
            "Best Solution is: ": "22.015796 == [[[9,19,17,49,25,27,4,13,47,30,10]],[[22,3,50,42,24,14,21,35,28,15,8]],[[40,31,5,36,45,26,37,39,44,23,46,38,32]]] || [[1,41,48,29],[12,11,18,6,20,16],[43,7,33,34,2]]",
            "Num_Drone: ": 3,
            "Num_Tech: ": 3,
            "Run Time is: ": 28.877
        },
        "50.10.1.txt.5": {
            "Best Score is: ": 23.726283317650733,
            "Best Solution is: ": "23.726283 == [[[34,33,7,43,2,20,16,38,46]],[[21,15,35,28,12,11,6,18]],[[10,30,3,50,24,42,14,47,13,4,1,41,22,8]]] || [[48,19,17,49,25,27,9],[26,37],[32,23,44,39,36,45,29,5,31,40]]",
            "Num_Drone: ": 3,
            "Num_Tech: ": 3,
            "Run Time is: ": 32.101
        }
    },
    "50.20.1 | Average: ": 42.1141360829843,
    "50.20.1 | Best: ": 40.874565149370795,
    "50.20.1.txt": {
        "50.20.1.txt.1": {
            "Best Score is: ": 41.2936156888911,
            "Best Solution is: ": "41.293616 == [[[41,19,3,2,11,21,23,9,29,32,14,40]],[[48,50,36,27,43,10,42,8,45,39]],[[18,15,20,46,38,44,4,28,16,35,30,34,26,25,24]]] || [[13,33,12],[31,1,22,7,5,49],[6,17,37,47]]",
            "Num_Drone: ": 3,
            "Num_Tech: ": 3,
            "Run Time is: ": 28.33
        },
        "50.20.1.txt.2": {
            "Best Score is: ": 46.33595063872308,
            "Best Solution is: ": "46.335951 == [[[30,31,47,1,22,7,37,5]],[[39,45,43,8,42,10,34,26,25,24]],[[20,46,38,28,4,44,13,33,2,11,9]]] || [[21,23],[41,12,19,3,29,32,14,17,6,49,40],[15,18,48,50,16,36,35,27]]",
            "Num_Drone: ": 3,
            "Num_Tech: ": 3,
            "Run Time is: ": 25.417
        },
        "50.20.1.txt.3": {
            "Best Score is: ": 41.03327446896828,
            "Best Solution is: ": "41.033274 == [[[41,13,33,2,11,21,23,9]],[[18,20,48,30,26,34,10,43,42,8,45,39]],[[15,46,38,44,4,28,50,36,16,35,27,25,24]]] || [[40,14,17,37,5,49],[12,19,3,29,32,6],[7,22,1,47,31]]",
            "Num_Drone: ": 3,
            "Num_Tech: ": 3,
            "Run Time is: ": 30.315
        },
        "50.20.1.txt.4": {
            "Best Score is: ": 40.874565149370795,
            "Best Solution is: ": "40.874565 == [[[13,33,2,11,21,23,9]],[[15,46,38,44,4,28,50,36,16,35,27,48,20,18]],[[24,25,30,26,34,43,10,42,8,45,39]]] || [[6,49,5,37,40],[47,1,22,7,31],[41,12,19,3,29,32,17,14]]",
            "Num_Drone: ": 3,
            "Num_Tech: ": 3,
            "Run Time is: ": 22.425
        },
        "50.20.1.txt.5": {
            "Best Score is: ": 41.03327446896828,
            "Best Solution is: ": "41.033274 == [[[41,13,33,2,11,21,23,9]],[[18,46,38,44,4,28,36,50,16,35,27,25,24]],[[15,20,48,30,26,34,43,10,42,8]]] || [[39,45,1,22,7,47,31],[12,19,3,14,32,29,40],[5,37,17,6,49]]",
            "Num_Drone: ": 3,
            "Num_Tech: ": 3,
            "Run Time is: ": 22.118
        }
    },
    "50.30.1 | Average: ": 69.83910097969792,
    "50.30.1 | Best: ": 69.23816981121675,
    "50.30.1.txt": {
        "50.30.1.txt.1": {
            "Best Score is: ": 70.29240210350916,
            "Best Solution is: ": "70.292402 == [[[41,23,22,12,9,28,24,13,19,26]],[[48,35,25,3,37,47,44,50,45,38,30,15,29]],[[36,27,32,42,46,17,39,8,5,34,33,2]]] || [[11,31,21,43,14,7],[6,18,49,1,40,20,10],[4,16]]",
            "Num_Drone: ": 3,
            "Num_Tech: ": 3,
            "Run Time is: ": 24.653
        },
        "50.30.1.txt.2": {
            "Best Score is: ": 69.23816981121675,
            "Best Solution is: ": "69.238170 == [[[10,6,20,1,40,16,49,18,47,3,37,25,4]],[[14,36,27,43,21,15,30,45,38,11,31]],[[34,42,32,46,17,39,5,8,33,2,23]]] || [[19,13,41,24,26],[48,35,50,44,29,7],[28,9,12,22]]",
            "Num_Drone: ": 3,
            "Num_Tech: ": 3,
            "Run Time is: ": 23.6
        },
        "50.30.1.txt.3": {
            "Best Score is: ": 70.68128448529892,
            "Best Solution is: ": "70.681284 == [[[10,6,4,25,40,18,49,16,3,37,47,44,7]],[[14,27,36,43,21,38,30,45,15,11,31]],[[34,39,17,42,46,32,5,8,33,2,23]]] || [[19,24,28,9,12,22],[35,48,50,29,26],[41,13,1,20]]",
            "Num_Drone: ": 3,
            "Num_Tech: ": 3,
            "Run Time is: ": 22.401
        },
        "50.30.1.txt.4": {
            "Best Score is: ": 69.74232050752127,
            "Best Solution is: ": "69.742321 == [[[11,31,50,47,3,44,30,38,45,15,7]],[[6,4,25,1,40,49,18,16,37,35,48]],[[14,46,42,32,17,39,8,5,34,33,2,23]]] || [[19,28,9,12,22],[36,27,43,21,29],[41,24,13,20,10,26]]",
            "Num_Drone: ": 3,
            "Num_Tech: ": 3,
            "Run Time is: ": 21.254
        },
        "50.30.1.txt.5": {
            "Best Score is: ": 69.2413279909435,
            "Best Solution is: ": "69.241328 == [[[1,18,49,16,37,47,3,44,50,26]],[[29,21,38,45,30,15,43,27,36,14]],[[34,5,39,46,42,32,17,8,33,2,23]]] || [[41,24,13,20,6],[10,40,4,25,48,35,11,31,7],[19,28,9,12,22]]",
            "Num_Drone: ": 3,
            "Num_Tech: ": 3,
            "Run Time is: ": 22.253
        }
    },
    "50.40.1 | Average: ": 108.7959603214002,
    "50.40.1 | Best: ": 104.48935375972401,
    "50.40.1.txt": {
        "50.40.1.txt.1": {
            "Best Score is: ": 105.31756862229207,
            "Best Solution is: ": "105.317569 == [[[46,34,44],[16,2,6,28,35,20,27,36,50,23]],[[8,26,1,11,30],[5,39,7]],[[19,48,15,49,43,37],[12,9,17]]] || [[41,25,40,42,21,24],[3,18,45,22,29,10,33],[13,47,31,32,4,38,14]]",
            "Num_Drone: ": 3,
            "Num_Tech: ": 3,
            "Run Time is: ": 24.779
        },
        "50.40.1.txt.2": {
            "Best Score is: ": 108.21539995732707,
            "Best Solution is: ": "108.215400 == [[[19],[16,2,6,28,35,27,20,36]],[[29,45,22,18,3,48,15,44,34],[50,23,24]],[[8,26,1,11,30,9,12],[17,7,39,5]]] || [[40,41,42,25,21],[32,13,47,31,4,38,14],[37,49,43,33,10,46]]",
            "Num_Drone: ": 3,
            "Num_Tech: ": 3,
            "Run Time is: ": 23.242
        },
        "50.40.1.txt.3": {
            "Best Score is: ": 104.48935375972401,
            "Best Solution is: ": "104.489354 == [[[16,2,6,28,35,20,27,39,7,5],[17,33,46]],[[34,44,15,49,43,37,21],[50,36]],[[48,19,3,18,22,45,29],[10]]] || [[41,40,25,42,32,24],[13,47,31,14,4,38,12],[8,26,1,11,30,9,23]]",
            "Num_Drone: ": 3,
            "Num_Tech: ": 3,
            "Run Time is: ": 24.86
        },
        "50.40.1.txt.4": {
            "Best Score is: ": 113.35025030436995,
            "Best Solution is: ": "113.350250 == [[[2,6,28,35,27,20,39,7,36,5]],[[34,49,43,37,32,24],[50,16,23]],[[19,10,33],[29,22,45,18,3,48,15,44]]] || [[41,25,40,42,21],[13,47,31,4,38,14,12,46],[8,26,1,11,30,9,17]]",
            "Num_Drone: ": 3,