{
    "50.10.1 | Average: ": 22.818096774862397,
    "50.10.1 | Best: ": 21.999952005879702,
    "50.10.1.txt": {
        "50.10.1.txt.1": {
            "Best Score is: ": 21.999952005879702,
            "Best Solution is: ": "21.999952 == [[[12,11,6,18,20,33,7,34,16,10]],[[22,28,15,35,21,42,24,14,50,3,30]],[[2,43,38,46,23,44,39,37,26,36,45,29]]] || [[49,25,8],[17,19,48,1,31,5,32,40],[47,4,13,27,9,41]]",
            "Num_Drone: ": 3,
            "Num_Tech: ": 3,
            "Run Time is: ": 14.871
        },
        "50.10.1.txt.2": {
            "Best Score is: ": 24.314496425141673,
            "Best Solution is: ": "24.314496 == [[[31,29,45,37,26,36,39,1,48]],[[30,21,15,14,24,42,3,50,4,47,22]],[[10,35,28,12,11,20,7,33,6,18,16]]] || [[19,17,49,25,13,27,9],[41,40,5,32,2,43,46,38],[8,23,44,34]]",
            "Num_Drone: ": 3,
            "Num_Tech: ": 3,
            "Run Time is: ": 15.371
        },
        "50.10.1.txt.3": {
            "Best Score is: ": 22.943762218721936,
            "Best Solution is: ": "22.943762 == [[[10,12,11,35,28,15,21,3,50]],[[1,48,13,27,25,49,17,19,9,41]],[[29,36,45,26,37,39,5,31,44,23,32,40]]] || [[7,38,46],[43,2,34,33,6,18,20,16],[30,14,24,42,47,4,22,8]]",
            "Num_Drone: ": 3,
            "Num_Tech: ": 3,
            "Run Time is: ": 15.223
        },
        "50.10.1.txt.4": {
            "Best Score is: ": 22.30593156382216,
            "Best Solution is: ": "22.305932 == [[[35,15,28,12,11,18,6,20]],[[29,45,36,26,37,39,5,31,1,41]],[[10,30,21,14,24,42,3,50,47,13,25,27,4]]] || [[8,9,49,17,19,48],[22,40,32,23,44,38,46],[43,2,34,7,33,16]]",
            "Num_Drone: ": 3,
            "Num_Tech: ": 3,
            "Run Time is: ": 14.786
        },
        "50.10.1.txt.5": {
            "Best Score is: ": 22.526341660746507,
            "Best Solution is: ": "22.526342 == [[[10,30,50,24,14,42,47,4,27,25,49,17,19,48,1,41]],[[35,28,11,18,6,33,7,38,46]],[[40,29,36,26,37,45,39,23,44,32,5,31]]] || [[3,13,9],[8,22,21,15],[12,20,16,34,2,43]]",
            "Num_Drone: ": 3,
            "Num_Tech: ": 3,
            "Run Time is: ": 14.631
        }
    },
    "50.20.1 | Average: ": 42.32118982943732,
    "50.20.1 | Best: ": 40.941888615710944,
    "50.20.1.txt": {
        "50.20.1.txt.1": {
            "Best Score is: ": 40.941888615710944,
            "Best Solution is: ": "40.941889 == [[[13,33,2,11,21,23,9,29]],[[20,46,28,4,44,38,36,50,16,35,27,30]],[[18,15,48,24,25,26,34,43,10,42,8,45,39]]] || [[37,5,40,12],[7,22,1,31,47],[41,19,3,32,14,17,6,49]]",
            "Num_Drone: ": 3,
            "Num_Tech: ": 3,
            "Run Time is: ": 15.015
        },
        "50.20.1.txt.2": {
            "Best Score is: ": 41.531804553667925,
            "Best Solution is: ": "41.531805 == [[[13,33,2,9,11,21,23,29]],[[20,46,38,36,50,16,27,35,28,4,44,48,18]],[[24,25,30,26,34,43,10,42,8,39,45]]] || [[41,12,19,3,32,6,49,40],[1,22,7,47,31,15],[5,37,17,14]]",
            "Num_Drone: ": 3,
            "Num_Tech: ": 3,
            "Run Time is: ": 15.688
        },
        "50.20.1.txt.3": {
            "Best Score is: ": 43.73894187602812,
            "Best Solution is: ": "43.738942 == [[[24,26,34,43,10,42,8,1,31]],[[13,33,2,11,23,21,9,29,3,19,41]],[[39,45,25,27,35,16,28,4,44,20,18]]] || [[22,7,47,40,12],[15,48,36,38,50,46,30],[32,14,17,6,37,5,49]]",
            "Num_Drone: ": 3,
            "Num_Tech: ": 3,
            "Run Time is: ": 14.783
        },
        "50.20.1.txt.4": {
            "Best Score is: ": 41.65437222575151,
            "Best Solution is: ": "41.654372 == [[[20,46,38,4,44,28,50,36,16,35,27,48,15]],[[13,33,2,11,21,23,9,29,12]],[[24,25,34,26,30,43,10,42,8,45,39]]] || [[18,19,3,40,32,41],[49,5,37,6,17,14],[31,47,22,1,7]]",
            "Num_Drone: ": 3,
            "Num_Tech: ": 3,
            "Run Time is: ": 14.52
        },
        "50.20.1.txt.5": {
            "Best Score is: ": 43.73894187602812,
            "Best Solution is: ": "43.738942 == [[[25,26,34,43,10,42,8,45,39,30]],[[40,44,4,36,50,28,18,15]],[[41,3,29,9,23,21,11,2,33,13,19,12]]] || [[32,14,17,6,37,5,49],[48,27,35,16,38,46,20],[24,1,22,7,47,31]]",
            "Num_Drone: ": 3,
            "Num_Tech: ": 3,
            "Run Time is: ": 15.312
        }
    },
    "50.30.1 | Average: ": 69.7755311768972,
    "50.30.1 | Best: ": 67.77205972316871,
    "50.30.1.txt": {
        "50.30.1.txt.1": {
            "Best Score is: ": 69.23816981121675,
            "Best Solution is: ": "69.238170 == [[[10,4,18,1,49,16,47,37,3,25,40,6]],[[29,45,38,30,15,21,43,36,27,14,7]],[[34,17,32,46,42,5,39,8,33,2,23]]] || [[28,9,12,22],[50,44,35,48,11,31,26],[20,13,24,19,41]]",
            "Num_Drone: ": 3,
            "Num_Tech: ": 3,
            "Run Time is: ": 15.185
        },
        "50.30.1.txt.2": {
            "Best Score is: ": 72.40977128119277,
            "Best Solution is: ": "72.409771 == [[[48,35,25,47,37,3,44,38,30,45,50,11,31,7]],[[23,14,36,27,29,15,21,43]],[[32,42,46,17,39,8,5,34,33,2,22,19]]] || [[12,9,28,24,26],[18,16,49,6],[10,4,40,1,20,13,41]]",
            "Num_Drone: ": 3,
            "Num_Tech: ": 3,
            "Run Time is: ": 14.696
        },
        "50.30.1.txt.3": {
            "Best Score is: ": 67.77205972316871,
            "Best Solution is: ": "67.772060 == [[[10,20,1,49,16,3,37,47,44,50,31,11]],[[30,38,45,15,21,43,29,27,36,14]],[[2,33,5,8,39,17,46,32,42,34,26]]] || [[41,13,28,24,19,23],[6,18,40,4,25,35,48,7],[12,9,22]]",
            "Num_Drone: ": 3,
            "Num_Tech: ": 3,
            "Run Time is: ": 16.051
        },
        "50.30.1.txt.4": {
            "Best Score is: ": 70.2196665529905,
            "Best Solution is: ": "70.219667 == [[[50,44,30,45,38,15,21,29,43,11,31]],[[41,13,24,28,9,12,19,22,2,33,23,26]],[[34,8,5,39,17,42,46,32,27,36,14]]] || [[16],[10,4,49,18,40,1,6,20],[48,35,25,3,47,37,7]]",
            "Num_Drone: ": 3,
            "Num_Tech: ": 3,
            "Run Time is: ": 16.154
        },
        "50.30.1.txt.5": {
            "Best Score is: ": 69.23798851591724,
            "Best Solution is: ": "69.237989 == [[[30,38,45,15,21,29,43,27,36,14]],[[10,4,25,3,47,37,16,18,40,49,1,20,41]],[[34,32,42,46,17,8,39,5,33,2,26]]] || [[12,9,28],[6,13,24,22,19,23],[48,35,44,50,11,31,7]]",
            "Num_Drone: ": 3,
            "Num_Tech: ": 3,
            "Run Time is: ": 14.5
        }
    },
    "50.40.1 | Average: ": 104.8513525864303,
    "50.40.1 | Best: ": 85.48498242616725,
    "50.40.1.txt": {
        "50.40.1.txt.1": {
            "Best Score is: ": 85.48498242616725,
            "Best Solution is: ": "85.484982 == [[[16,2,6,28,35,20,27,39,36,50,5]],[[17,46,12],[34,44,15,48,3,18,19,10,33]],[[49,43,37,41,42,40,25,21]]] || [[13,47,31,4,38,14,32,24],[29,22,45,7],[8,26,1,11,30,9,23]]",
            "Num_Drone: ": 3,
            "Num_Tech: ": 3,
            "Run Time is: ": 15.543
        },
        "50.40.1.txt.2": {
            "Best Score is: ": 96.13412231690671,
            "Best Solution is: ": "96.134122 == [[[14],[16,2,6,35,28,27,20,39,36,50]],[[19,18,3,48,49,15,44],[23]],[[43,37,41,40,25,21,34,33],[46,10]]] || [[42,13,47,31,32,24],[7,45,22,29,5,17],[1,11,26,8,4,38,30,9,12]]",
            "Num_Drone: ": 3,
            "Num_Tech: ": 3,
            "Run Time is: ": 15.954
        },
        "50.40.1.txt.3": {
            "Best Score is: ": 114.20045579391868,
            "Best Solution is: ": "114.200456 == [[[13,47,31,14],[16,2,6,28,35,27,20]],[[19,45,22,29,5],[36,39,7]],[[43,21,37,49,15,44,24],[17,46,33,10,23,50]]] || [[41,40,25,42,32],[4,38,8,26,1,11,30,9,12],[18,3,48,34]]",
            "Num_Drone: ": 3,
            "Num_Tech: ": 3,
            "Run Time is: ": 16.974
        },
        "50.40.1.txt.4": {
            "Best Score is: ": 116.43560193856047,
            "Best Solution is: ": "116.435602 == [[[50,16,23,24],[2,6,35,28,27,20,36,5]],[[34,44,15,49,43,37,21],[45,22,29,17]],[[19,18,3,48],[39,7]]] || [[41,40,25,42,32],[13,47,31,14,12,33,10,46],[11,1,26,8,4,38,30,9]]",
            "Num_Drone: ": 3,