{
    "50.10.1 | Average: ": 23.50936549240928,
    "50.10.1 | Best: ": 22.015795856092836,
    "50.10.1.txt": {
        "50.10.1.txt.1": {
            "Best Score is: ": 24.578648467231318,
            "Best Solution is: ": "24.578648 == [[[8,40,31,5,32,23,44,46,38,43,2,34,7,33]],[[22,27,14,35,28,11,20]],[[30,3,50,42,24,21,15,12,18,6,16,10]]] || [[29,45,36,26,37,39],[19,17,49,25,9,41],[47,4,13,48,1]]",
            "Num_Drone: ": 3,
            "Num_Tech: ": 3,
            "Run Time is: ": 25.07
        },
        "50.10.1.txt.10": {
            "Best Score is: ": 22.93503247117468,
            "Best Solution is: ": "22.935032 == [[[30,50,24,42,21,35,28,11,18,20,12]],[[48,19,17,49,25,13,27,9,4,47,3,22,10]],[[40,31,5,32,23,44,39,45,36,37,26,29,1,41]]] || [[15,14],[16,6,33,7],[43,34,2,46,38,8]]",
            "Num_Drone: ": 3,
            "Num_Tech: ": 3,
            "Run Time is: ": 29.303
        },
        "50.10.1.txt.2": {
            "Best Score is: ": 22.015795856092836,
            "Best Solution is: ": "22.015796 == [[[1,48,19,17,49,25,13,27,4,47,9,30,10]],[[39,37,26,36,45,29,22,8]],[[42,24,21,15,28,35,14,50,3]]] || [[40,32,46,38,23,44,31,5,41],[2,34,33,7,43],[12,11,18,6,20,16]]",
            "Num_Drone: ": 3,
            "Num_Tech: ": 3,
            "Run Time is: ": 21.614
        },
        "50.10.1.txt.3": {
            "Best Score is: ": 22.048823529908884,
            "Best Solution is: ": "22.048824 == [[[30,3,50,42,24,14,28,12,11,18,6,20,16]],[[8,48,19,17,49,25,13,27,4,47,9,41]],[[32,38,46,23,44,39,37,36,26,45,5]]] || [[10,35,15,21,22],[43,2,7,33,34],[1,31,40,29]]",
            "Num_Drone: ": 3,
            "Num_Tech: ": 3,
            "Run Time is: ": 31.002
        },
        "50.10.1.txt.4": {
            "Best Score is: ": 24.376179849931702,
            "Best Solution is: ": "24.376180 == [[[10,40,31,5,39,26,36,45,37,29,1]],[[47,42,24,14,15,12,20]],[[22,3,50,21,35,28,11,18,6,33,7,34,16]]] || [[30,41,48,19,17,27,4,8],[44,32,23,38,46,2,43],[9,49,25,13]]",
            "Num_Drone: ": 3,
            "Num_Tech: ": 3,
            "Run Time is: ": 23.337
        },
        "50.10.1.txt.5": {
            "Best Score is: ": 23.168409705367264,
            "Best Solution is: ": "23.168410 == [[[5,31,29,36,39,37,45,26,1]],[[8,22,21,15,35,28,12,11,18,20,16]],[[32,23,44,46,38,2,34,33,6,7,43]]] || [[3,50,14,24,42,47,13,4],[19,17,49,25,27,9],[41,48,10,40,30]]",
            "Num_Drone: ": 3,
            "Num_Tech: ": 3,
            "Run Time is: ": 27.444
        },
        "50.10.1.txt.6": {
            "Best Score is: ": 23.726283317650733,
            "Best Solution is: ": "23.726283 == [[[42,50,47,13,25,9,4,27,8]],[[22,3,24,14,35,21,15,28,11,12]],[[46,38,43,2,20,18,6,33,7,34,16,30,10]]] || [[41,48,19,17,49,1],[40,31,5,32,23,44,39,36,45,29],[37,26]]",
            "Num_Drone: ": 3,
            "Num_Tech: ": 3,
            "Run Time is: ": 22.78
        },
        "50.10.1.txt.7": {
            "Best Score is: ": 23.726283317650733,
            "Best Solution is: ": "23.726283 == [[[38,46,2,34,33,20,6,7,43,10]],[[50,3,24,14,42,47,4,27,13,30,8,1]],[[22,21,15,35,28,11,12,18,16]]] || [[41,48,19,17,49,25,9],[37,26],[40,31,5,32,23,44,39,36,45,29]]",
            "Num_Drone: ": 3,
            "Num_Tech: ": 3,
            "Run Time is: ": 30.834
        },
        "50.10.1.txt.8": {
            "Best Score is: ": 24.203701983942963,
            "Best Solution is: ": "24.203702 == [[[30,3,50,42,24,14,15,21,20,34,2]],[[37,45,36,26,39,23,38,46,43]],[[10,22,35,28,12,11,18,33,7,6,16]]] || [[49,25,13,47],[29,5,32,44,31,40],[8,41,9,4,27,19,17,48,1]]",
            "Num_Drone: ": 3,
            "Num_Tech: ": 3,
            "Run Time is: ": 28.321
        },
        "50.10.1.txt.9": {
            "Best Score is: ": 24.314496425141673,
            "Best Solution is: ": "24.314496 == [[[22,3,50,4,47,42,24,14,35,12,20,16]],[[8,41,48,1,46,38,7,43,10]],[[30,21,15,28,11,18,6,33,34,2]]] || [[40,31,37,26,36,45],[5,32,23,44,39,29],[19,17,49,25,13,27,9]]",
            "Num_Drone: ": 3,
            "Num_Tech: ": 3,
            "Run Time is: ": 30.57
        }
    },
    "50.20.1 | Average: ": 43.7120845427412,
    "50.20.1 | Best: ": 40.874565149370795,
    "50.20.1.txt": {
        "50.20.1.txt.1": {
            "Best Score is: ": 45.55476485567327,
            "Best Solution is: ": "45.554765 == [[[46,4,28,38,50,16,36,35,27,30,15]],[[44,13,33,2,11,21,23,9,29,12]],[[24,25,34,26,43,10,42,8,45,31,47]]] || [[40,17,37,6,5],[39,1,22,7,49],[18,48,20,41,19,3,32,14]]",
            "Num_Drone: ": 3,
            "Num_Tech: ": 3,
            "Run Time is: ": 30.315
        },
        "50.20.1.txt.10": {
            "Best Score is: ": 42.318300080003155,
            "Best Solution is: ": "42.318300 == [[[24,26,34,43,10,42,8,25,30,48]],[[29,23,21,11,2,9,32,17]],[[15,44,4,28,38,36,50,16,35,27,46,20]]] || [[41,19,13,33,3,12,18],[39,45,1,22,7,47],[31,49,5,37,6,14,40]]",
            "Num_Drone: ": 3,
            "Num_Tech: ": 3,
            "Run Time is: ": 22.323
        },
        "50.20.1.txt.2": {
            "Best Score is: ": 41.935949688593354,
            "Best Solution is: ": "41.935950 == [[[19,13,33,2,11,21,23,9,3]],[[48,30,24,25,26,34,43,10,42,8,45,39]],[[15,46,44,4,28,38,16,35,27,36,50,20,18]]] || [[41,12,40,6,37,5,49],[1,22,7,31,47],[29,32,14,17]]",
            "Num_Drone: ": 3,
            "Num_Tech: ": 3,
            "Run Time is: ": 25.83
        },
        "50.20.1.txt.3": {
            "Best Score is: ": 44.780248462488366,
            "Best Solution is: ": "44.780248 == [[[15,20,48,35,27,43,10,42,8,45]],[[26,34,30,50,38,4,28,36,16,25,24,39]],[[18,46,44,13,33,2,11,21,9]]] || [[41,12,19,3,29,17,6,49,47],[31,1,22,7,37,5],[40,23,32,14]]",
            "Num_Drone: ": 3,
            "Num_Tech: ": 3,
            "Run Time is: ": 29.201
        },
        "50.20.1.txt.4": {
            "Best Score is: ": 44.17914469138731,
            "Best Solution is: ": "44.179145 == [[[25,26,34,43,10,42,8,31,47]],[[13,33,2,9,11,21,23,29,32]],[[15,20,36,50,38,44,4,28,16,35,27,30,24]]] || [[40,17,14,6,37,5,49],[41,12,19,3,18,48,46],[39,45,1,22,7]]",
            "Num_Drone: ": 3,
            "Num_Tech: ": 3,
            "Run Time is: ": 23.605
        },
        "50.20.1.txt.5": {
            "Best Score is: ": 42.64498081102303,
            "Best Solution is: ": "42.644981 == [[[40,9,21,2,11,23,29,3,12]],[[15,48,36,30,43,10,42,8,45,39]],[[20,46,38,44,4,28,50,16,35,27,26,34,25,24]]] || [[32,14,17,37,6],[49,5,7,22,1,47,31],[18,13,33,19,41]]",
            "Num_Drone: ": 3,
            "Num_Tech: ": 3,
            "Run Time is: ": 22.795
        },
        "50.20.1.txt.6": {
            "Best Score is: ": 40.874565149370795,
            "Best Solution is: ": "40.874565 == [[[15,18,48,27,43,10,42,8,45]],[[20,46,38,44,4,28,35,16,50,36,30,26,34,25,24]],[[13,33,2,11,21,23,9]]] || [[41,12,19,3,29,32,14,17,40],[39,1,22,7,47],[6,49,37,5,31]]",
            "Num_Drone: ": 3,
            "Num_Tech: ": 3,
            "Run Time is: ": 25.192
        },
        "50.20.1.txt.7": {
            "Best Score is: ": 42.892892014512285,
            "Best Solution is: ": "42.892892 == [[[39,24,25,26,34,8,42,10,43,30,15]],[[13,33,2,11,21,23,9,29,3,19,12,41]],[[18,46,38,50,36,44,4,28,16,35,27,48,20]]] || [[40,14,17,6,49,5,7],[1,22,31,45],[32,37,47]]",
            "Num_Drone: ": 3,
            "Num_Tech: ": 3,
            "Run Time is: ": 21.901
        },
        "50.20.1.txt.8": {
            "Best Score is: ": 45.60404903563736,
            "Best Solution is: ": "45.604049 == [[[18,20,36,50,16,4,28,38,35,27,30,26,25,24]],[[15,48,46,44,13,33,2,11,21]],[[34,43,10,42,8,12]]] || [[40,23,9,29,3,19,41],[1,22,7,47,31,39,45],[32,14,6,17,37,5,49]]",
            "Num_Drone: ": 3,
            "Num_Tech: ": 3,
            "Run Time is: ": 22.617
        },
        "50.20.1.txt.9": {
            "Best Score is: ": 46.33595063872308,