{
    "50.10.1 | Average: ": 23.258257201981685,
    "50.10.1 | Best: ": 22.292147241051005,
    "50.10.1.txt": {
        "50.10.1.txt.1": {
            "Best Score is: ": 22.292147241051005,
            "Best Solution is: ": "22.292147 == [[[3,50,24,42,14,15,35,28,21]],[[30,22,12,11,20,18,6,33,7,34,16]],[[8,10,1,39,37,26,36,45,29,5,31,40]]] || [[41,48,19,17,49,9],[32,44,23,46,38,43,2],[27,25,13,47,4]]",
            "Num_Drone: ": 3,
            "Num_Tech: ": 3,
            "Run Time is: ": 28.373
        },
        "50.10.1.txt.2": {
            "Best Score is: ": 23.400410833355334,
            "Best Solution is: ": "23.400411 == [[[1,48,19,17,49,27,4,25,13,47,9]],[[32,23,44,36,45,39,37,26,29,10]],[[3,50,15,28,12,11,18,6,20]]] || [[2,7,33,34,16],[43,46,5,31,38,40],[41,8,30,22,42,24,14,21,35]]",
            "Num_Drone: ": 3,
            "Num_Tech: ": 3,
            "Run Time is: ": 22.837
        },
        "50.10.1.txt.3": {
            "Best Score is: ": 23.617886465220955,
            "Best Solution is: ": "23.617886 == [[[3,50,42,24,14,21,15,35,28,12,11,16]],[[19,17,49,25,27,4,9,47,13,41]],[[40,37,39,36,26,45,29,48,1]]] || [[10,22,32,30,8],[43,2,34,38,46,23,44,5,31],[20,18,6,33,7]]",
            "Num_Drone: ": 3,
            "Num_Tech: ": 3,
            "Run Time is: ": 31.654
        },
        "50.10.1.txt.4": {
            "Best Score is: ": 23.81001421563203,
            "Best Solution is: ": "23.810014 == [[[40,31,5,32,23,38,43,46,44,39,45,29,1,41]],[[11,20,7,33,6,18,34,2,16,10]],[[3,42,14,35,21,15,28,12,22,30]]] || [[37,26,36],[48,19,17,49,25],[50,24,47,13,27,4,9,8]]",
            "Num_Drone: ": 3,
            "Num_Tech: ": 3,
            "Run Time is: ": 28.521
        },
        "50.10.1.txt.5": {
            "Best Score is: ": 23.170827254649094,
            "Best Solution is: ": "23.170827 == [[[3,50,42,14,24,21,15,35,28,11,10]],[[22,43,2,34,33,7,6,18,20,12]],[[41,1,48,19,17,49,25,47,4,13,27,9,30,8]]] || [[37],[40,31,5,39,26,36,45,29],[16,46,38,23,44,32]]",
            "Num_Drone: ": 3,
            "Num_Tech: ": 3,
            "Run Time is: ": 44.072
        }
    },
    "50.20.1 | Average: ": 41.52237465354531,
    "50.20.1 | Best: ": 40.874565149370795,
    "50.20.1.txt": {
        "50.20.1.txt.1": {
            "Best Score is: ": 43.51014797908246,
            "Best Solution is: ": "43.510148 == [[[39,45,8,42,22,7,1,47]],[[46,44,4,28,50,36,38,16,35,27,30,48,20,15]],[[18,13,33,2,11,23,21,9,19]]] || [[40,17,14,6,37],[25,26,34,43,10,24],[41,12,3,29,32,49,5,31]]",
            "Num_Drone: ": 3,
            "Num_Tech: ": 3,
            "Run Time is: ": 35.658
        },
        "50.20.1.txt.2": {
            "Best Score is: ": 41.148520361078035,
            "Best Solution is: ": "41.148520 == [[[18,20,46,38,44,4,28,50,36,16,35,27,48]],[[15,24,25,30,26,34,43,10,42,8,45,39]],[[13,33,2,11,21,23,9]]] || [[12,40,37,5,49],[47,31,22,7,1],[41,19,3,29,32,14,17,6]]",
            "Num_Drone: ": 3,
            "Num_Tech: ": 3,
            "Run Time is: ": 29.55
        },
        "50.20.1.txt.3": {
            "Best Score is: ": 40.874565149370795,
            "Best Solution is: ": "40.874565 == [[[39,45,43,10,42,8,26,34,25,24]],[[18,46,38,44,4,28,50,36,16,35,27,30,48,20,15]],[[13,33,2,11,21,23,9]]] || [[22,7,1,47,31],[40,14,17,32,29,3,19,12,41],[37,49,5,6]]",
            "Num_Drone: ": 3,
            "Num_Tech: ": 3,
            "Run Time is: ": 28.07
        },
        "50.20.1.txt.4": {
            "Best Score is: ": 41.13675116248434,
            "Best Solution is: ": "41.136751 == [[[48,50,36,16,27,35,28,4,44,38,46,20,18]],[[15,24,25,30,26,34,43,10,42,8,45,39]],[[3,2,11,21,23,9,29,32,14,6]]] || [[47,1,22,7,31],[41,12,13,33,19],[49,5,37,17,40]]",
            "Num_Drone: ": 3,
            "Num_Tech: ": 3,
            "Run Time is: ": 27.482
        },
        "50.20.1.txt.5": {
            "Best Score is: ": 40.941888615710944,
            "Best Solution is: ": "40.941889 == [[[13,33,2,11,21,23,9,29]],[[15,25,34,26,43,10,42,8,45,24]],[[18,20,46,44,4,28,38,50,36,16,35,27,30,48]]] || [[12,19,3,32,14,17,6,40],[47,7,22,1,31,39],[41,5,37,49]]",
            "Num_Drone: ": 3,
            "Num_Tech: ": 3,
            "Run Time is: ": 25.238
        }
    },
    "50.30.1 | Average: ": 68.94557942955248,
    "50.30.1 | Best: ": 67.77205972316871,
    "50.30.1.txt": {
        "50.30.1.txt.1": {
            "Best Score is: ": 69.23816981121675,
            "Best Solution is: ": "69.238170 == [[[10,6,4,18,40,1,49,16,37,47,3,25,26]],[[21,38,45,30,35,50,44,48,7]],[[34,17,32,42,46,39,5,8,33,2]]] || [[22,12,9,28],[41,20,13,24,19,23],[11,31,15,29,43,27,36,14]]",
            "Num_Drone: ": 3,
            "Num_Tech: ": 3,
            "Run Time is: ": 26.713
        },
        "50.30.1.txt.2": {
            "Best Score is: ": 69.2413279909435,
            "Best Solution is: ": "69.241328 == [[[30,38,45,21,15,29,43,27,36,14]],[[48,35,25,18,40,1,20,49,16,4,26]],[[32,42,46,17,39,5,34,8,33,2,23]]] || [[22,12,9,28,19],[3,37,47,44,50,31,11],[41,24,13,6,10,7]]",
            "Num_Drone: ": 3,
            "Num_Tech: ": 3,
            "Run Time is: ": 24.367
        },
        "50.30.1.txt.3": {
            "Best Score is: ": 67.77205972316871,
            "Best Solution is: ": "67.772060 == [[[10,6,1,4,25,47,3,37,16,49,18,40,20]],[[29,30,38,45,15,21,43,27,36,14,7]],[[34,46,42,32,17,8,39,5,33,2,23]]] || [[12,9,22],[41,13,28,24,19,26],[31,11,50,48,35,44]]",
            "Num_Drone: ": 3,
            "Num_Tech: ": 3,
            "Run Time is: ": 25.183
        },
        "50.30.1.txt.4": {
            "Best Score is: ": 69.23816981121675,
            "Best Solution is: ": "69.238170 == [[[1,40,4,25,3,37,47,16,49,18,6,10]],[[35,48,50,44,30,38,45,21,43,15,7]],[[33,8,5,39,17,32,42,46,34,2,23,26]]] || [[22,12,9,28],[11,31,29,27,36,14],[41,19,24,13,20]]",
            "Num_Drone: ": 3,
            "Num_Tech: ": 3,
            "Run Time is: ": 24.359
        },
        "50.30.1.txt.5": {
            "Best Score is: ": 69.23816981121675,
            "Best Solution is: ": "69.238170 == [[[20,18,49,16,37,3,47,44,50]],[[45,38,30,15,21,29,43,27,36,14,7]],[[34,32,42,46,17,5,8,39,26]]] || [[41,13,24,19,33,2,23],[10,6,40,1,4,25,35,48,31,11],[22,12,9,28]]",
            "Num_Drone: ": 3,
            "Num_Tech: ": 3,
            "Run Time is: ": 23.913
        }
    },
    "50.40.1 | Average: ": 110.498932182434,
    "50.40.1 | Best: ": 100.02768643368965,
    "50.40.1.txt": {
        "50.40.1.txt.1": {
            "Best Score is: ": 100.02768643368965,
            "Best Solution is: ": "100.027686 == [[[33,24],[16,2,6,28,35,20,27,39,7,5]],[[34,44,15,49,43,37],[50,36]],[[29,22,45,18,3,48,19,10,46],[23,12]]] || [[42,41,40,25,21],[13,47,31,38,4,32,14],[8,26,1,11,30,9,17]]",
            "Num_Drone: ": 3,
            "Num_Tech: ": 3,
            "Run Time is: ": 30.292
        },
        "50.40.1.txt.2": {
            "Best Score is: ": 110.20661524382766,
            "Best Solution is: ": "110.206615 == [[[15],[16,2,6,28,35,20,27,39,36]],[[19,48,3,18,45,22,29,46],[50,33,10]],[[34,44,49,43,37],[17,7,5]]] || [[41,40,25,42,21,24],[13,47,31,32,14,4,38,12],[8,26,1,11,30,9,23]]",
            "Num_Drone: ": 3,
            "Num_Tech: ": 3,
            "Run Time is: ": 27.302
        },
        "50.40.1.txt.3": {
            "Best Score is: ": 115.08510821824488,
            "Best Solution is: ": "115.085108 == [[[23,16,2],[34,49,43,37,21]],[[33,19,18,3,48,15,44],[29,22,45,10]],[[7,39,6,28,35,27,20,36,50,5]]] || [[41,40,25,42,32],[13,47,31,4,38,14,17,46],[8,26,1,11,30,9,12,24]]",
            "Num_Drone: ": 3,
            "Num_Tech: ": 3,
            "Run Time is: ": 26.91
        },
        "50.40.1.txt.4": {
            "Best Score is: ": 109.52544481202077,
            "Best Solution is: ": "109.525445 == [[[31,47,13,32,14,17,46],[36,39,7,5]],[[19,18,3,48,15,44,34],[12,16,50]],[[38,4,8,26,1,11,30,9],[22,45,29,10,33]]] || [[41,42,25,40,21],[6,28,35,27,20,2,23],[49,43,37,24]]",
            "Num_Drone: ": 3,