{
    "50.10.1 | Average: ": 23.173278263318625,
    "50.10.1 | Best: ": 22.292147241051005,
    "50.10.1.txt": {
        "50.10.1.txt.1": {
            "Best Score is: ": 23.712253146990818,
            "Best Solution is: ": "23.712253 == [[[48,19,17,9,49,25,13,27,4,47]],[[30,8,22,35,28,15,21,14,24,50,3,42,10]],[[32,23,44,46,38,43,12,11,6,18,20]]] || [[34,33,7,2,16],[39,37],[40,5,31,26,36,45,29,1,41]]",
            "Num_Drone: ": 3,
            "Num_Tech: ": 3,
            "Run Time is: ": 27.198
        },
        "50.10.1.txt.2": {
            "Best Score is: ": 24.596593816081395,
            "Best Solution is: ": "24.596594 == [[[48,19,17,9,47,13,27,49,25,4,30]],[[10,16,20,6,33,34,2,43,38,23,44,46,8,41]],[[50,42,24,21,35,12,11,18,7]]] || [[22,3,14,15,28],[5,37,39,32,40],[1,31,45,26,36,29]]",
            "Num_Drone: ": 3,
            "Num_Tech: ": 3,
            "Run Time is: ": 26.024
        },
        "50.10.1.txt.3": {
            "Best Score is: ": 22.292147241051005,
            "Best Solution is: ": "22.292147 == [[[8,41,1,29,45,36,26,37,39,44,23,31,5,32,40]],[[35,28,11,18,6,33,7,2]],[[30,3,50,24,42,14,21,15,12,20]]] || [[48,19,17,49,9],[46,38,43,34,16,22,10],[27,25,13,47,4]]",
            "Num_Drone: ": 3,
            "Num_Tech: ": 3,
            "Run Time is: ": 24.265
        },
        "50.10.1.txt.4": {
            "Best Score is: ": 22.292147241051005,
            "Best Solution is: ": "22.292147 == [[[11,12,20,18,6,7,33,34,2]],[[1,40,32,23,44,39,37,26,36,45,29,5,31]],[[10,30,22,28,35,15,21,24,42,14,50,3]]] || [[8,41,46,38,43,16],[48,19,17,49,9],[4,47,13,25,27]]",
            "Num_Drone: ": 3,
            "Num_Tech: ": 3,
            "Run Time is: ": 23.232
        },
        "50.10.1.txt.5": {
            "Best Score is: ": 22.973249871418897,
            "Best Solution is: ": "22.973250 == [[[43,2,34,18,20,7,33,6,12]],[[23,38,46,44,39,37,26,36,45,29,31,5,32,40]],[[30,3,50,21,15,35,28,11,16]]] || [[19,17,49,25],[10,22,24,14,42,48,1],[8,9,47,4,13,27,41]]",
            "Num_Drone: ": 3,
            "Num_Tech: ": 3,
            "Run Time is: ": 22.887
        }
    },
    "50.20.1 | Average: ": 43.68345228657442,
    "50.20.1 | Best: ": 42.0163158999102,
    "50.20.1.txt": {
        "50.20.1.txt.1": {
            "Best Score is: ": 43.174284391212055,
            "Best Solution is: ": "43.174284 == [[[15,20,48,46,38,44,4,28,16,35,36,50,27,30]],[[39,45,24,25,34,26,10,43,42,8]],[[18,41,13,33,2,11,21,23,9]]] || [[49,6,14,17,32,29,3,19],[1,22,7,5,40],[12,37,47,31]]",
            "Num_Drone: ": 3,
            "Num_Tech: ": 3,
            "Run Time is: ": 22.3
        },
        "50.20.1.txt.2": {
            "Best Score is: ": 42.0163158999102,
            "Best Solution is: ": "42.016316 == [[[13,33,2,11,21,23,9,29,3]],[[25,42,8,43,10,34,26,24]],[[18,15,20,46,44,4,28,38,50,36,16,35,27,30,48]]] || [[41,19,40,32,14,17,6],[39,45,1,22,7,47,31],[5,37,49,12]]",
            "Num_Drone: ": 3,
            "Num_Tech: ": 3,
            "Run Time is: ": 23.157
        },
        "50.20.1.txt.3": {
            "Best Score is: ": 43.518991163103365,
            "Best Solution is: ": "43.518991 == [[[18,16,4,28,35,27,36,50,38,46,48,20,15]],[[44,13,21,23,29]],[[30,26,34,43,10,42,8,24,25,45,39]]] || [[41,19,9,11,2,33,3,12],[1,22,7,5,6,49],[40,32,14,17,37,47,31]]",
            "Num_Drone: ": 3,
            "Num_Tech: ": 3,
            "Run Time is: ": 22.803
        },
        "50.20.1.txt.4": {
            "Best Score is: ": 44.853834989323246,
            "Best Solution is: ": "44.853835 == [[[44,13,33,2,11,21,23,9]],[[18,46,38,4,28,50,35,36,16,27,30,48]],[[39,25,26,24,45,8,42,10,43,34]]] || [[40,14,17,5,47,31],[1,22,7,37,49],[15,20,41,12,19,3,29,32,6]]",
            "Num_Drone: ": 3,
            "Num_Tech: ": 3,
            "Run Time is: ": 21.564
        },
        "50.20.1.txt.5": {
            "Best Score is: ": 44.853834989323246,
            "Best Solution is: ": "44.853835 == [[[18,46,38,4,28,36,16,50,35,27,30,26,48,15]],[[24,34,25,42,10,43,8]],[[44,13,33,2,11,21,23,9]]] || [[40,17,37,5,6,49],[20,41,19,12,3,29,32,14],[39,45,31,1,22,7,47]]",
            "Num_Drone: ": 3,
            "Num_Tech: ": 3,
            "Run Time is: ": 22.105
        }
    },
    "50.30.1 | Average: ": 69.73038489931042,
    "50.30.1 | Best: ": 69.23798851591724,
    "50.30.1.txt": {
        "50.30.1.txt.1": {
            "Best Score is: ": 70.77186078083172,
            "Best Solution is: ": "70.771861 == [[[24,13,20,18,16,49,7]],[[50,30,38,45,15,21,43,29,14,26]],[[36,27,32,42,46,17,39,8,5,34,33,2,23]]] || [[22,12,9,28,19],[41,40,1,6,10,11,31],[4,25,3,37,47,44,48,35]]",
            "Num_Drone: ": 3,
            "Num_Tech: ": 3,
            "Run Time is: ": 23.678
        },
        "50.30.1.txt.2": {
            "Best Score is: ": 69.2413279909435,
            "Best Solution is: ": "69.241328 == [[[10,6,40,18,4,25,3,37,47,16,49,1,7]],[[48,35,50,44,30,38,45,29,15,11,31,26]],[[14,32,42,46,17,5,39,8,33,2,34]]] || [[22,12,9,28,19],[43,21,27,36],[41,20,13,24,23]]",
            "Num_Drone: ": 3,
            "Num_Tech: ": 3,
            "Run Time is: ": 22.599
        },
        "50.30.1.txt.3": {
            "Best Score is: ": 69.2413279909435,
            "Best Solution is: ": "69.241328 == [[[48,44,50,38,30,45,15,21,11]],[[35,47,3,37,25,18,40,1,49,16,4,10]],[[34,46,32,42,17,39,5,8,33,2,23]]] || [[22,12,9,28,19],[31,29,43,36,27,14,26],[41,24,13,20,6,7]]",
            "Num_Drone: ": 3,
            "Num_Tech: ": 3,
            "Run Time is: ": 22.864
        },
        "50.30.1.txt.4": {
            "Best Score is: ": 69.23798851591724,
            "Best Solution is: ": "69.237989 == [[[47,3,37,16,49,18,40,1,20,4,25,10,26]],[[45,29,43,21,15,38,30,11,31]],[[14,36,27,32,42,46,17,39,5,8,34,7]]] || [[12,9,28],[6,35,50,44,48],[41,13,24,19,22,33,2,23]]",
            "Num_Drone: ": 3,
            "Num_Tech: ": 3,
            "Run Time is: ": 22.999
        },
        "50.30.1.txt.5": {
            "Best Score is: ": 70.1594192179162,
            "Best Solution is: ": "70.159419 == [[[40,3,47,37,25,4,18,16,49,6,10]],[[35,48,15,21,29,43,27,36,14]],[[34,46,42,32,17,39,5,8,33,2,19,23]]] || [[22,12,9,28,24],[50,44,30,38,45,11,31,7],[20,1,13,41,26]]",
            "Num_Drone: ": 3,
            "Num_Tech: ": 3,
            "Run Time is: ": 23.917
        }
    },
    "50.40.1 | Average: ": 108.97251598768324,
    "50.40.1 | Best: ": 103.43441372671418,
    "50.40.1.txt": {
        "50.40.1.txt.1": {
            "Best Score is: ": 103.43441372671418,
            "Best Solution is: ": "103.434414 == [[[17,50,23],[16,2,6,28,35,27,20,39,7,5]],[[33,19,18,3,48,15,44,34],[36]],[[8,26,1,11,30,9],[22,45,29,10,46]]] || [[41,42,25,40,21],[13,47,31,32,14,4,38,12],[49,43,37,24]]",
            "Num_Drone: ": 3,
            "Num_Tech: ": 3,
            "Run Time is: ": 25.172
        },
        "50.40.1.txt.2": {
            "Best Score is: ": 104.62305198067831,
            "Best Solution is: ": "104.623052 == [[[17,33,10,5],[16,2,6,28,35,20,27,39,7]],[[32,13,47,31,4,38,14,12],[46,29,45,22]],[[44,15,48,3,18,19,34],[50,36]]] || [[41,40,25,42,21,24],[49,43,37],[8,26,1,11,30,9,23]]",
            "Num_Drone: ": 3,
            "Num_Tech: ": 3,
            "Run Time is: ": 24.559
        },
        "50.40.1.txt.3": {
            "Best Score is: ": 107.45184434316135,
            "Best Solution is: ": "107.451844 == [[[46,33,5,12],[16,2,6,28,35,20,27,39,7]],[[44,15,49,43,37,25],[50,36]],[[24,17,10],[45,22,29,19,18,3,48,34]]] || [[41,42,40,21,32],[13,47,31,14,4,38],[8,26,1,11,30,9,23]]",
            "Num_Drone: ": 3,
            "Num_Tech: ": 3,
            "Run Time is: ": 25.714
        },
        "50.40.1.txt.4": {
            "Best Score is: ": 110.27909248169917,
            "Best Solution is: ": "110.279092 == [[[16,2,6,28,35,20,27,39,36],[15,34]],[[29,22,45,18,3,48,19,10,33],[50,5,12]],[[17,7],[44,49,43,37]]] || [[41,40,25,42,21,46],[13,47,31,32,4,38,14,24],[8,26,1,11,30,9,23]]",