{
    "50.10.1 | Average: ": 23.43762558732976,
    "50.10.1 | Best: ": 22.891435854975075,
    "50.10.1.txt": {
        "50.10.1.txt.1": {
            "Best Score is: ": 22.891435854975075,
            "Best Solution is: ": "22.891436 == [[[1,48,19,17,49,25,13,27,9,4,47,41]],[[40,38,46,44,23,39,37,26,36,45,29,5,32]],[[21,15,35,28,12,11,18,20]]] || [[22,50,14,42,3,24,30,8,10],[43,34,2,16,31],[7,33,6]]",
            "Num_Drone: ": 3,
            "Num_Tech: ": 3,
            "Run Time is: ": 30.534
        },
        "50.10.1.txt.2": {
            "Best Score is: ": 22.990724578319956,
            "Best Solution is: ": "22.990725 == [[[10,28,18,6,33,7,34,16,2,43]],[[44,29,45,36,26,37,39,38,46]],[[22,3,24,14,21,15,35,12,11,20]]] || [[8,27,4,13,47,42,50,30],[48,1,40,23,31,5,32],[41,19,17,49,25,9]]",
            "Num_Drone: ": 3,
            "Num_Tech: ": 3,
            "Run Time is: ": 26.44
        },
        "50.10.1.txt.3": {
            "Best Score is: ": 24.578648467231318,
            "Best Solution is: ": "24.578648 == [[[40,32,31,5,44,23,46,43,16,2,7,33,34]],[[22,3,50,42,24,14,21,15,12,20,18,6]],[[30,13,47,4,9,48,1,38]]] || [[41,19,17,49,25,27],[39,37,26,36,45,29],[10,8,35,28,11]]",
            "Num_Drone: ": 3,
            "Num_Tech: ": 3,
            "Run Time is: ": 32.347
        },
        "50.10.1.txt.4": {
            "Best Score is: ": 23.35508552512185,
            "Best Solution is: ": "23.355086 == [[[5,44,23,38,46,7,33,16,43]],[[1,31,32,39,37,45,26,36,29,40]],[[10,3,50,42,24,14,15,21,35,28,12,22]]] || [[11,18,6,20,34,2],[48,19,17,49,25],[41,9,4,27,13,47,30,8]]",
            "Num_Drone: ": 3,
            "Num_Tech: ": 3,
            "Run Time is: ": 31.936
        },
        "50.10.1.txt.5": {
            "Best Score is: ": 23.3722335110006,
            "Best Solution is: ": "23.372234 == [[[30,42,50,4,47,49,25,27,13,9]],[[40,32,23,44,39,37,29,26,45,36]],[[35,28,11,12,20,18,6,33,7,16]]] || [[10,8,48,19,17,41,1],[31,5,46,38,43,34,2],[22,3,24,14,15,21]]",
            "Num_Drone: ": 3,
            "Num_Tech: ": 3,
            "Run Time is: ": 29.613
        }
    },
    "50.20.1 | Average: ": 44.14040671861496,
    "50.20.1 | Best: ": 43.73879624670093,
    "50.20.1.txt": {
        "50.20.1.txt.1": {
            "Best Score is: ": 44.08878888879813,
            "Best Solution is: ": "44.088789 == [[[15,20,50,30,26,43,10,42,8,45,39]],[[12,3,9,23,21,11,2,33,13,19,41]],[[27,35,38,24,34,25,18]]] || [[40,29,32,14,17,6,49,47],[31,1,22,7,37,5],[36,16,28,4,44,46,48]]",
            "Num_Drone: ": 3,
            "Num_Tech: ": 3,
            "Run Time is: ": 27.011
        },
        "50.20.1.txt.2": {
            "Best Score is: ": 43.81782488757235,
            "Best Solution is: ": "43.817825 == [[[18,3,29,9,23,21,2,11,33,41]],[[35,16,28,4,44,13,12,19]],[[15,46,38,50,36,27,43,10,42,8]]] || [[40,32,14,17,6,37,5,49],[31,47,22,7,1,45,39],[48,30,25,24,34,26,20]]",
            "Num_Drone: ": 3,
            "Num_Tech: ": 3,
            "Run Time is: ": 29.458
        },
        "50.20.1.txt.3": {
            "Best Score is: ": 44.23105285593787,
            "Best Solution is: ": "44.231053 == [[[18,15,13,33,2,11,21,23,9,41]],[[39,8,42,45,1,22,7,47,31]],[[20,48,38,46,44,4,28,16,35,36,50,27,30]]] || [[32,14,17,6,37,5,49],[24,25,10,43,34,26],[19,40,3,29,12]]",
            "Num_Drone: ": 3,
            "Num_Tech: ": 3,
            "Run Time is: ": 23.852
        },
        "50.20.1.txt.4": {
            "Best Score is: ": 43.73879624670093,
            "Best Solution is: ": "43.738796 == [[[38,16,27,43,10,42,8,45,39]],[[18,20,48,36,50,35,28,4,44,13,33]],[[31,47,49,6,17,23,21,11,2,9,29]]] || [[19,3,12,41,40,32,14],[1,22,7,37,5],[15,34,26,25,24,30,46]]",
            "Num_Drone: ": 3,
            "Num_Tech: ": 3,
            "Run Time is: ": 22.674
        },
        "50.20.1.txt.5": {
            "Best Score is: ": 44.825570714065535,
            "Best Solution is: ": "44.825571 == [[[20,4,28,35,27,43,10,24]],[[18,44,13,33,11,21,23,29]],[[15,48,46,38,36,50,16,30,25,26,34,42,8,45]]] || [[41,12,19,3,9,2,32,40],[31,1,7,22,47,39],[14,17,6,49,37,5]]",
            "Num_Drone: ": 3,
            "Num_Tech: ": 3,
            "Run Time is: ": 24.378
        }
    },
    "50.30.1 | Average: ": 69.52738812291864,
    "50.30.1 | Best: ": 69.23798851591724,
    "50.30.1.txt": {
        "50.30.1.txt.1": {
            "Best Score is: ": 69.23816981121675,
            "Best Solution is: ": "69.238170 == [[[45,30,38,15,21,29,43,27,36,14]],[[6,1,40,18,49,16,4,25,3,37,47,7]],[[32,42,46,17,39,8,5,34,2,33,23]]] || [[19,24,13,20,41,26],[10,50,44,35,48,11,31],[22,12,9,28]]",
            "Num_Drone: ": 3,
            "Num_Tech: ": 3,
            "Run Time is: ": 23.577
        },
        "50.30.1.txt.2": {
            "Best Score is: ": 69.23798851591724,
            "Best Solution is: ": "69.237989 == [[[35,48,11,31,29,15,21,43,27,36,14,7]],[[47,3,37,16,49,18,40,1,4,25,6,20]],[[2,34,32,42,46,17,5,39,8,33,23]]] || [[12,9,28],[50,44,38,30,45],[10,41,13,24,22,19,26]]",
            "Num_Drone: ": 3,
            "Num_Tech: ": 3,
            "Run Time is: ": 22.19
        },
        "50.30.1.txt.3": {
            "Best Score is: ": 69.23816981121675,
            "Best Solution is: ": "69.238170 == [[[47,37,3,16,49,40,18,1,4,25,6,10,7]],[[38,15,21,29,43,27,36,14]],[[23,34,46,42,32,17,39,8,5,33,2]]] || [[19,24,13,20,41,26],[35,48,44,50,30,45,11,31],[28,9,12,22]]",
            "Num_Drone: ": 3,
            "Num_Tech: ": 3,
            "Run Time is: ": 22.842
        },
        "50.30.1.txt.4": {
            "Best Score is: ": 69.2413279909435,
            "Best Solution is: ": "69.241328 == [[[4,25,40,18,47,3,37,16,49,1,20]],[[29,38,30,45,15,21,43,27,36,14]],[[32,42,46,17,39,5,8,34,33,2,23]]] || [[19,28,9,12,22],[31,11,50,44,48,35,7],[10,6,13,24,41,26]]",
            "Num_Drone: ": 3,
            "Num_Tech: ": 3,
            "Run Time is: ": 22.492
        },
        "50.30.1.txt.5": {
            "Best Score is: ": 70.68128448529892,
            "Best Solution is: ": "70.681284 == [[[25,3,37,47,4,18,16,49,40,20,41,26]],[[29,11,44,35,48,50,30,45,38,15,31,7]],[[32,42,46,17,8,39,5,33,34,2]]] || [[19,24,28,9,12,22],[10,6,1,13,23],[21,43,27,36,14]]",
            "Num_Drone: ": 3,
            "Num_Tech: ": 3,
            "Run Time is: ": 23.702
        }
    },
    "50.40.1 | Average: ": 113.07080816590219,
    "50.40.1 | Best: ": 101.02572609622015,
    "50.40.1.txt": {
        "50.40.1.txt.1": {
            "Best Score is: ": 117.99406841757606,
            "Best Solution is: ": "117.994068 == [[[5,7,17],[16,2,6,28,35,27,20]],[[19,18,3,48,15,44,34],[39,36,50,12]],[[49,43,37,14],[33,10,29,45,22,46]]] || [[42,41,40,25,21],[4,38,13,47,31,32,24],[11,1,26,8,30,9,23]]",
            "Num_Drone: ": 3,
            "Num_Tech: ": 3,
            "Run Time is: ": 24.409
        },
        "50.40.1.txt.2": {
            "Best Score is: ": 101.02572609622015,
            "Best Solution is: ": "101.025726 == [[[50],[16,2,6,28,35,20,27,39,7,5,17]],[[19,48,3,18,45,22,29,10],[46,33,34]],[[44,15,49,43,37,24],[36]]] || [[25,40,41,42,21],[13,47,31,32,14,4,38,12],[8,26,1,11,30,9,23]]",
            "Num_Drone: ": 3,
            "Num_Tech: ": 3,
            "Run Time is: ": 26.622
        },
        "50.40.1.txt.3": {
            "Best Score is: ": 116.36776084497032,
            "Best Solution is: ": "116.367761 == [[[22,45,29],[16,2,6,28,35]],[[8,26,1,11,30,9,23],[47,13,31,4,38,14,24]],[[40,37,25,42,41,21,32],[50,17,12]]] || [[49,43,15,44,34,46,33,10],[18,3,48,19],[7,39,27,20,36,5]]",
            "Num_Drone: ": 3,
            "Num_Tech: ": 3,
            "Run Time is: ": 26.131
        },
        "50.40.1.txt.4": {
            "Best Score is: ": 117.95849103653194,
            "Best Solution is: ": "117.958491 == [[[22,45,29],[23,16,2,6,28,35,27,20,36]],[[33,19,18,3,48],[50,39,7,5]],[[42,25,41,40,43,49,15,44,34,10,46]]] || [[21,37,32,14],[38,4,13,47,31,24],[8,26,1,11,30,9,12,17]]",
            "Num_Drone: ": 3,