{
    "50.10.1 | Average: ": 22.237210590101693,
    "50.10.1 | Best: ": 21.310084477926054,
    "50.10.1.txt": {
        "50.10.1.txt.1": {
            "Best Score is: ": 23.170827254649094,
            "Best Solution is: ": "23.170827 == [[[30,22,3,21,28,35,15,14,24,50,42]],[[12,11,20,18,6,33,7,34,2,43,16]],[[10,8,9,4,47,13,27,25,49,19,17,48,1]]] || [[37],[29,45,26,36,39],[38,46,23,44,31,5,32,40,41]]",
            "Num_Drone: ": 3,
            "Num_Tech: ": 3,
            "Run Time is: ": 31.348
        },
        "50.10.1.txt.2": {
            "Best Score is: ": 21.310084477926054,
            "Best Solution is: ": "21.310084 == [[[32,46,38,23,44,39,37,26,36,45,29,5,31,40]],[[35,28,12,11,18,6,7]],[[30,22,3,50,24,14,42,47,13,25,49,27,4,8]]] || [[41,9,17,19,48,1],[10,15,21],[16,20,33,34,2,43]]",
            "Num_Drone: ": 3,
            "Num_Tech: ": 3,
            "Run Time is: ": 29.386
        },
        "50.10.1.txt.3": {
            "Best Score is: ": 22.292147241051005,
            "Best Solution is: ": "22.292147 == [[[23,44,39,36,45,37,26,29,32,5,40]],[[16,12,11,18,6,20,33,7,34,2,43]],[[10,30,22,3,50,24,14,42,15,21,28,35]]] || [[38,46,31,1,48,41],[27,25,13,47,4],[8,9,49,17,19]]",
            "Num_Drone: ": 3,
            "Num_Tech: ": 3,
            "Run Time is: ": 28.122
        },
        "50.10.1.txt.4": {
            "Best Score is: ": 21.948518806914766,
            "Best Solution is: ": "21.948519 == [[[31,5,29,45,36,26,37,39,44,23,46,38,40]],[[43,33,7,20,18,6,34,2,16]],[[3,50,42,24,14,21,15,35,28,11,12]]] || [[32,1,48,19,17,41],[49,25,9],[8,4,27,13,47,30,22,10]]",
            "Num_Drone: ": 3,
            "Num_Tech: ": 3,
            "Run Time is: ": 28.656
        },
        "50.10.1.txt.5": {
            "Best Score is: ": 22.46447516996755,
            "Best Solution is: ": "22.464475 == [[[2,34,33,7,6,18,20,16,43,38,46,40]],[[22,3,50,42,14,24,15,21,35,28,12]],[[31,32,23,44,37,39,36,26,45,29,5]]] || [[9,27,25,13,47,4],[1,48,19,17,49],[10,11,30,8,41]]",
            "Num_Drone: ": 3,
            "Num_Tech: ": 3,
            "Run Time is: ": 27.973
        }
    },
    "50.20.1 | Average: ": 41.57187264557999,
    "50.20.1 | Best: ": 40.874565149370795,
    "50.20.1.txt": {
        "50.20.1.txt.1": {
            "Best Score is: ": 42.64255028023957,
            "Best Solution is: ": "42.642550 == [[[24,25,26,34,8,42,10,43,27,30]],[[3,2,9,33,13,44,4,46,20,18]],[[40,23,21,11,32,29,12,19,41]]] || [[39,45,1,22,7,47,31],[6,14,17,37,5,49],[15,36,50,16,35,28,38,48]]",
            "Num_Drone: ": 3,
            "Num_Tech: ": 3,
            "Run Time is: ": 27.312
        },
        "50.20.1.txt.2": {
            "Best Score is: ": 40.874565149370795,
            "Best Solution is: ": "40.874565 == [[[15,18,20,27,43,10,42,8,45,39]],[[13,33,2,11,21,23,9]],[[48,46,38,44,4,28,35,16,50,36,30,26,34,25,24]]] || [[17,32,29,3,19,12,41],[7,22,1,47,31],[49,37,5,6,14,40]]",
            "Num_Drone: ": 3,
            "Num_Tech: ": 3,
            "Run Time is: ": 29.085
        },
        "50.20.1.txt.3": {
            "Best Score is: ": 42.12037223098408,
            "Best Solution is: ": "42.120372 == [[[18,46,38,4,28,50,16,36,35,27,30,48,20,15]],[[39,25,24,26,34,43,10,8,42,45]],[[40,3,2,23,21,11,9,29,32,41]]] || [[14,17,37,5,6],[44,13,33,19,12],[31,1,22,7,47,49]]",
            "Num_Drone: ": 3,
            "Num_Tech: ": 3,
            "Run Time is: ": 29.965
        },
        "50.20.1.txt.4": {
            "Best Score is: ": 41.15425364035693,
            "Best Solution is: ": "41.154254 == [[[3,29,21,23,11,2,9,32,40]],[[20,48,46,38,44,4,28,36,50,16,35,27,30]],[[15,24,25,26,34,43,10,42,8,39,45]]] || [[33,13,19,12,41,18],[31,1,22,7,47,49],[6,14,17,37,5]]",
            "Num_Drone: ": 3,
            "Num_Tech: ": 3,
            "Run Time is: ": 28.398
        },
        "50.20.1.txt.5": {
            "Best Score is: ": 41.06762192694856,
            "Best Solution is: ": "41.067622 == [[[18,46,38,44,4,28,16,27,35,50,36,48,20,15]],[[30,24,25,26,34,43,10,42,8,45,39]],[[13,2,11,21,23,9,3,12]]] || [[37,17,6,49],[1,22,7,5,47,31],[41,19,33,29,32,14,40]]",
            "Num_Drone: ": 3,
            "Num_Tech: ": 3,
            "Run Time is: ": 29.88
        }
    },
    "50.30.1 | Average: ": 68.06524548171842,
    "50.30.1 | Best: ": 67.77205972316871,
    "50.30.1.txt": {
        "50.30.1.txt.1": {
            "Best Score is: ": 67.77205972316871,
            "Best Solution is: ": "67.772060 == [[[11,30,38,45,15,21,43,29,27,36,14]],[[20,6,40,1,18,49,16,37,47,3,25,4,10,7]],[[2,34,32,42,46,17,39,8,5,33]]] || [[41,13,28,24,19,23],[22,9,12],[35,48,44,50,31,26]]",
            "Num_Drone: ": 3,
            "Num_Tech: ": 3,
            "Run Time is: ": 27.853
        },
        "50.30.1.txt.2": {
            "Best Score is: ": 67.77205972316871,
            "Best Solution is: ": "67.772060 == [[[20,1,4,25,37,47,3,16,49,18,40,6,10]],[[14,27,36,43,21,38,30,45,15,29]],[[34,32,42,46,17,39,5,8,33,2,23]]] || [[12,9,22],[7,48,35,50,44,11,31],[41,13,28,24,19,26]]",
            "Num_Drone: ": 3,
            "Num_Tech: ": 3,
            "Run Time is: ": 27.936
        },
        "50.30.1.txt.3": {
            "Best Score is: ": 67.77205972316871,
            "Best Solution is: ": "67.772060 == [[[4,25,3,47,37,16,49,40,18,20,1,6,10]],[[35,48,44,50,30,45,38,21,11,31,7]],[[32,42,46,17,39,5,8,34,33,2,23]]] || [[22,9,12],[41,13,28,24,19,26],[14,27,36,43,15,29]]",
            "Num_Drone: ": 3,
            "Num_Tech: ": 3,
            "Run Time is: ": 27.06
        },
        "50.30.1.txt.4": {
            "Best Score is: ": 67.77205972316871,
            "Best Solution is: ": "67.772060 == [[[29,43,21,15,45,38,30,50,44,35,48,11,7]],[[20,40,1,18,49,16,3,37,47,25,4,6,10]],[[34,32,42,46,17,39,8,5,33,2]]] || [[23,19,24,28,13,41,26],[27,36,14,31],[22,9,12]]",
            "Num_Drone: ": 3,
            "Num_Tech: ": 3,
            "Run Time is: ": 27.238
        },
        "50.30.1.txt.5": {
            "Best Score is: ": 69.23798851591725,
            "Best Solution is: ": "69.237989 == [[[32,42,46,17,39,5,8,33,34,2,23,26]],[[20,6,18,40,1,49,16,3,47,37,4,25]],[[36,27,15,38,45,30,50,44,35,48,7]]] || [[19,22,24,13,41,10],[14,29,21,43,11,31],[28,9,12]]",
            "Num_Drone: ": 3,
            "Num_Tech: ": 3,
            "Run Time is: ": 27.468
        }
    },
    "50.40.1 | Average: ": 110.68608978874957,
    "50.40.1 | Best: ": 98.46833787921841,
    "50.40.1.txt": {
        "50.40.1.txt.1": {
            "Best Score is: ": 119.4949549238432,
            "Best Solution is: ": "119.494955 == [[[16,2,6,28,35,20,27,39,7]],[[48,3,18,19,45,22,29],[50,36,5]],[[15,49,43,37,25,21],[46,33,44,34,10,17,24]]] || [[41,40,42,32],[13,47,31,14,4,38,12],[8,26,1,11,30,9,23]]",
            "Num_Drone: ": 3,
            "Num_Tech: ": 3,
            "Run Time is: ": 28.199
        },
        "50.40.1.txt.2": {
            "Best Score is: ": 106.51658883872274,
            "Best Solution is: ": "106.516589 == [[[5,33],[16,2,6,28,35,20,27,39,7]],[[34,44,15,48,3,18,19,10,46],[17,36,50,23]],[[14,32,13,47,31,4,38],[45,22,29]]] || [[41,40,25,42,21,24],[49,43,37],[8,26,1,11,30,9,12]]",
            "Num_Drone: ": 3,
            "Num_Tech: ": 3,
            "Run Time is: ": 28.197
        },
        "50.40.1.txt.3": {
            "Best Score is: ": 109.94027644738253,
            "Best Solution is: ": "109.940276 == [[[16,2,6,28,35,20,27,36,50,5],[29,10,33,46]],[[19,3,18],[14,32,47,31,4,38,12]],[[21,25,40,37,43,49,48,15,44],[34]]] || [[41,42,13,24],[39,7,45,22],[8,26,1,11,30,9,23,17]]",
            "Num_Drone: ": 3,
            "Num_Tech: ": 3,
            "Run Time is: ": 28.0
        },
        "50.40.1.txt.4": {
            "Best Score is: ": 98.46833787921841,
            "Best Solution is: ": "98.468338 == [[[16,2,6,28,35,20,27,39,7]],[[14,32,47,13,31,4,38],[23,50,36,5,17]],[[49,43,37,41,40,25,42,21,24]]] || [[3,18,45,22,29],[26,8,11,1,30,9,12],[44,15,48,19,34,10,33,46]]",
            "Num_Drone: ": 3,